City,Counties,State
Altoona,"Etowah, Blount",Alabama
Arab,"Marshall, Cullman",Alabama
Argo,"St. Clair, Jefferson",Alabama
Birmingham,"Jefferson, Shelby",Alabama
Boaz,"Marshall, Etowah",Alabama
Calera,"Chilton, Shelby",Alabama
Collinsville,"DeKalb, Cherokee",Alabama
County Line,"Blount, Jefferson",Alabama
Decatur,"Morgan, Limestone",Alabama
Dothan,"Houston, Dale, Henry",Alabama
Enterprise,"Coffee, Dale",Alabama
Garden City,"Cullman, Blount",Alabama
Glen Allen,"Fayette, Marion",Alabama
Glencoe,"Etowah, Calhoun",Alabama
Gu-Win,"Fayette, Marion",Alabama
Haleyville,"Winston, Marion",Alabama
Helena,"Shelby, Jefferson",Alabama
Hoover,"Jefferson, Shelby",Alabama
Huntsville,"Madison, Limestone, Morgan",Alabama
Leeds,"Jefferson, St. Clair, Shelby",Alabama
Madison,"Madison, Limestone",Alabama
McKenzie,"Butler, Conecuh",Alabama
Millbrook,"Autauga, Elmore",Alabama
Moundville,"Hale, Tuscaloosa",Alabama
Nauvoo,"Walker, Winston",Alabama
Notasulga,"Macon, Lee",Alabama
Oxford,"Calhoun, Talladega",Alabama
Phenix City,"Russell, Lee",Alabama
Piedmont,"Calhoun, Cherokee",Alabama
Prattville,"Autauga, Elmore",Alabama
Sand Rock,"Cherokee, DeKalb",Alabama
Sardis City,"Etowah, Marshall",Alabama
Southside,"Calhoun, Etowah",Alabama
Sumiton,"Walker, Jefferson",Alabama
Tallassee,"Elmore, Tallapoosa",Alabama
Taylor,"Houston, Geneva",Alabama
Trafford,"Jefferson, Blount",Alabama
Trussville,"Jefferson, St. Clair",Alabama
Vance,"Tuscaloosa, Bibb",Alabama
Vestavia Hills,"Jefferson, Shelby",Alabama
Vincent,"Shelby, St. Clair, Talladega",Alabama
Warrior,"Blount, Jefferson",Alabama
Waverly,"Chambers, Lee",Alabama
Winfield,"Marion, Fayette",Alabama
Woodstock,"Bibb, Tuscaloosa",Alabama
Apache Junction,"Maricopa, Pinal",Arizona
Hayden,"Gila, Pinal",Arizona
Peoria,"Maricopa, Yavapai",Arizona
Marana,"Pima, Pinal",Arizona
Queen Creek,"Maricopa, Pinal",Arizona
Sedona,"Yavapai, Coconino",Arizona
Wickenburg,"Maricopa, Yavapai",Arizona
Winkelman,"Gila, Pinal",Arizona
Alexander,"Pulaski, Saline",Arkansas
Alpena,"Boone, Carroll",Arkansas
Ash Flat,"Sharp, Fulton",Arkansas
Big Flat,"Baxter, Searcy",Arkansas
Cave City,"Independence, Sharp",Arkansas
Cherokee Village,"Sharp, Fulton",Arkansas
Damascus,"Van Buren, Faulkner",Arkansas
Elm Springs,"Washington, Benton",Arkansas
Emmet,"Nevada, Hempstead",Arkansas
Fairfield Bay,"Van Buren, Cleburne",Arkansas
Glenwood,"Pike, Montgomery",Arkansas
Hardy,"Sharp, Fulton",Arkansas
Horseshoe Bend,"Izard, Fulton, Sharp",Arkansas
Humphrey,"Arkansas, Jefferson",Arkansas
Mansfield,"Sebastian, Scott",Arkansas
Quitman,"Cleburne, Faulkner",Arkansas
Springdale,"Washington, Benton",Arkansas
Tillar,"Drew, Desha",Arkansas
City of Arvada,"Jefferson, Adams",Colorado
City of Aurora,"Arapahoe, Adams, Douglas",Colorado
Town of Basalt,"Eagle, Pitkin",Colorado
Town of Bennett,"Adams, Arapahoe",Colorado
Town of Berthoud,"Larimer, Weld",Colorado
Town of Bow Mar,"Arapahoe, Jefferson",Colorado
City of Brighton,"Adams,[1] Weld",Colorado
Town of Center,"Rio Grande, Saguache",Colorado
City of Central (Central City),"Gilpin,[1] Clear Creek",Colorado
Town of Erie,"Boulder, Weld",Colorado
Town of Green Mountain Falls,"El Paso, Teller",Colorado
Town of Johnstown,"Weld, Larimer",Colorado
City of Littleton,"Arapahoe,[1] Jefferson, Douglas",Colorado
Town of Lochbuie,"Weld, Adams",Colorado
City of Longmont,"Boulder, Weld",Colorado
City of Northglenn,"Adams, Weld",Colorado
Town of Superior,"Boulder, Jefferson",Colorado
City of Thornton,"Adams, Weld",Colorado
City of Westminster,"Adams, Jefferson",Colorado
Town of Windsor,"Weld, Larimer",Colorado
Milford,"Kent, Sussex",Delaware
Smyrna,"Kent, New Castle",Delaware
Clayton,"Kent, New Castle",Delaware
Fanning Springs,"Gilchrist, Levy",Florida
Longboat Key,"Manatee, Sarasota",Florida
Marineland,"Flagler, St. Johns",Florida
Allentown,"Bleckley, Laurens, Twiggs, Wilkinson",Georgia
Alto,"Habersham, Banks",Georgia
Atlanta,"Fulton, DeKalb",Georgia
Auburn,"Barrow, Gwinnett",Georgia
Austell,"Cobb, Douglas",Georgia
Baldwin,"Habersham, Banks",Georgia
Barwick,"Brooks, Thomas",Georgia
Braselton,"Jackson, Gwinnett, Hall, Barrow",Georgia
Braswell,"Paulding, Polk",Georgia
Bremen,"Haralson, Carroll",Georgia
Bogart,"Oconee, Clarke",Georgia
Buford,"Gwinnett, Hall",Georgia
College Park,"Fulton, Clayton",Georgia
Fort Oglethorpe,"Catoosa, Walker",Georgia
Gillsville,"Hall, Banks",Georgia
Haralson,"Coweta, Meriwether",Georgia
Loganville,"Gwinnett, Walton",Georgia
Lula,"Hall, Banks",Georgia
Manchester,"Meriwether, Talbot",Georgia
Maysville,"Banks, Jackson",Georgia
Mountain Park,"Fulton, Cherokee",Georgia
Nelson,"Pickens, Cherokee",Georgia
Palmetto,"Fulton, Coweta",Georgia
Pavo,"Thomas, Brooks",Georgia
Perry,"Houston, Peach",Georgia
Pine Mountain,"Harris, Meriwether",Georgia
Rest Haven,"Gwinnett, Hall",Georgia
Social Circle,"Walton, Newton",Georgia
Tallulah Falls,"Rabun, Habersham",Georgia
Taylorsville,"Bartow, Polk",Georgia
Villa Rica,"Douglas, Carroll",Georgia
Warner Robins,"Houston, Peach",Georgia
West Point,"Troup, Harris",Georgia
Pocatello,"Bannock,[1] Power",Idaho
Aurora,"Kane, DuPage, Will, Kendall",Ilinois
Bartlett,"DuPage, Cook, Kane",Ilinois
Barrington Hills,"Cook, McHenry, Lake, Kane",Ilinois
Bolingbrook,"Will, DuPage",Ilinois
Buffalo Grove,"Lake, Cook",Ilinois
Burr Ridge,"Cook, DuPage",Ilinois
Centralia,"Clinton, Jefferson, Marion, Washington[2]",Ilinois
Chicago,"Cook, DuPage",Ilinois
Deerfield,"Lake, Cook",Ilinois
East Dundee,"Kane, Cook",Ilinois
Elgin,"Kane, Cook",Ilinois
Elmhurst,"DuPage, Cook",Ilinois
Hanover Park,"Cook, DuPage",Ilinois
Hinsdale,"DuPage, Cook",Ilinois
Joliet,"Will[1], Kendall",Ilinois
Lemont,"Cook, DuPage, Will",Ilinois
Naperville,"DuPage, Will",Ilinois
Sandwich,"DeKalb, Kendall",Ilinois
St. Charles,"Kane, DuPage",Ilinois
Steger,"Will, Cook",Ilinois
Wayne,"DuPage, Kane",Ilinois
Albany,"Delaware, Randolph",Indiana
Ashley,"DeKalb, Steuben",Indiana
Batesville,"Ripley, Franklin",Indiana
Chesterfield,"Madison, Delaware",Indiana
Converse,"Miami, Grant",Indiana
Cumberland,"Marion, Hancock",Indiana
Dunkirk,"Jay, Blackford",Indiana
Edinburgh,"Johnson, Bartholomew, Shelby",Indiana
Elwood,"Madison, Tipton",Indiana
Glenwood,"Rush, Fayette",Indiana
Hamilton,"Steuben, DeKalb",Indiana
Jamestown,"Boone, Hendricks",Indiana
Markle,"Huntington, Wells",Indiana
Milltown,"Crawford, Harrison",Indiana
Nappanee,"Elkhart, Kosciusko",Indiana
Otterbein,"Benton, Tippecanoe",Indiana
St. Paul,"Decatur, Shelby",Indiana
Shirley,"Hancock, Henry",Indiana
Wolcottville,"LaGrange, Noble",Indiana
Zanesville,"Wells, Allen",Indiana
Des Moines,"Polk, Warren",Iowa
Eddyville,"Wapello, Mahaska, Monroe",Iowa
Gilmore City,"Pocahontas, Humboldt",Iowa
Sheldahl,"Polk, Story, Boone",Iowa
West Des Moines,"Polk, Dallas, Warren",Iowa
Bonner Springs,"Wyandotte, Johnson",Kansas
Clayton,"Norton, Decatur",Kansas
Clifton,"Washington, Clay",Kansas
De Soto,"Johnson, Leavenworth",Kansas
Geuda Springs,"Sumner, Cowley",Kansas
Lake Quivira,"Johnson, Wyandotte",Kansas
Manhattan,"Riley,[1] Pottawatomie",Kansas
Mulvane,"Sedgwick, Sumner",Kansas
Oakley,"Logan,[1] Gove, Thomas",Kansas
Sabetha,"Nemaha, Brown",Kansas
Sedgwick,"Harvey, Sedgwick",Kansas
Spring Hill,"Johnson, Miami",Kansas
Solomon,"Dickinson, Saline",Kansas
Vining,"Clay, Washington",Kansas
Willard,"Shawnee, Wabaunsee",Kansas
Corbin,"Whitley, Knox, Laurel",Kentucky
Dawson Springs,"Hopkins, Caldwell",Kentucky
Eubank,"Pulaski, Lincoln",Kentucky
Germantown,"Bracken, Mason",Kentucky
Pleasureville,"Henry, Shelby",Kentucky
Prospect,"Jefferson, Oldham",Kentucky
Sardis,"Mason, Robertson",Kentucky
Sparta,"Gallatin, Owen",Kentucky
Upton,"Hardin, LaRue",Kentucky
Walton,"Boone, Kenton",Kentucky
Williamstown,"Grant, Pendleton",Kentucky
Duson,"Lafayette, Acadia",Louisiana
Delcambre,"Vermilion, Iberia",Louisiana
Mount Airy,"Carroll, Frederick",Maryland
Millington,"Kent, Queen Anne's",Maryland
Queen Anne,"Queen Anne's, Talbot",Maryland
Templeville,"Caroline, Queen Anne's",Maryland
Battle Creek,"Calhoun, Barry",Michigan
Brown City,"Lapeer, Sanilac",Michigan
Casnovia,"Kent, Muskegon",Michigan
Cement City,"Lenawee, Jackson",Michigan
Clare,"Clare, Isabella",Michigan
East Lansing,"Ingham, Clinton",Michigan
Fenton,"Genesee, Livingston, Oakland",Michigan
Flat Rock,"Monroe, Wayne",Michigan
Grand Ledge,"Eaton, Clinton",Michigan
Grosse Pointe Shores,"Wayne, Macomb",Michigan
Hesperia,"Oceana, Newaygo",Michigan
Hillman,"Montmorency, Alpena",Michigan
Holland,"Ottawa, Allegan",Michigan
Hubbardston,"Ionia, Clinton",Michigan
Lansing,"Ingham, Eaton, Clinton",Michigan
Lennon,"Shiawassee, Genesee",Michigan
Mackinaw City,"Emmet, Cheboygan",Michigan
Memphis,"Macomb, St. Clair",Michigan
Midland,"Midland, Bay",Michigan
Milan,"Monroe, Washtenaw",Michigan
Niles,"Berrien, Cass",Michigan
Northville,"Oakland, Wayne",Michigan
Otter Lake,"Lapeer, Genesee",Michigan
Ovid,"Clinton, Shiawassee",Michigan
Reese,"Saginaw, Tuscola",Michigan
Richmond,"Macomb, St. Clair",Michigan
South Haven,"Van Buren, Allegan",Michigan
Traverse City,"Grand Traverse, Leelanau",Michigan
Union City,"Branch, Calhoun",Michigan
Blaine,"Anoka, Ramsey",Minnesota
Bellechester,"Goodhue, Wabasha",Minnesota
Blooming Prairie,"Steele, Dodge",Minnesota
Braham,"Isanti, Kanabec",Minnesota
Brooten,"Stearns, Pope",Minnesota
Chanhassen,"Carver, Hennepin",Minnesota
Chatfield,"Fillmore, Olmsted",Minnesota
Clearwater,"Wright, Stearns",Minnesota
Comfrey,"Brown, Cottonwood",Minnesota
Dayton,"Hennepin, Wright",Minnesota
Dennison,"Goodhue, Rice",Minnesota
Eden Valley,"Meeker, Stearns",Minnesota
Elysian,"Waseca, Le Sueur",Minnesota
Granite Falls,"Yellow Medicine, Chippewa",Minnesota
Hanover,"Wright, Hennepin",Minnesota
Hastings,"Dakota, Washington",Minnesota
Jasper,"Pipestone, Rock",Minnesota
La Crescent,"Houston, Winona",Minnesota
Lake City,"Wabasha, Goodhue",Minnesota
Le Sueur,"Le Sueur, Sibley",Minnesota
Mankato,"Blue Earth, Le Sueur",Minnesota
Minneiska,"Wabasha, Winona",Minnesota
Minnesota Lake,"Faribault, Blue Earth",Minnesota
Motley,"Morrison, Cass",Minnesota
New Prague,"Scott, Le Sueur",Minnesota
Northfield,"Rice, Dakota",Minnesota
North Mankato,"Nicollet, Blue Earth",Minnesota
Ormsby,"Martin, Watonwan",Minnesota
Osakis,"Douglas, Todd",Minnesota
Pine Island,"Goodhue, Olmsted",Minnesota
Princeton,"Mille Lacs, Sherburne",Minnesota
Rockford,"Wright, Hennepin",Minnesota
Roosevelt,"Roseau, Lake of the Woods",Minnesota
Rothsay,"Otter Tail, Wilkin",Minnesota
Royalton,"Morrison, Benton",Minnesota
Sartell,"Stearns, Benton",Minnesota
Spring Lake Park,"Anoka, Ramsey",Minnesota
Staples,"Todd, Wadena",Minnesota
St. Anthony,"Hennepin, Ramsey",Minnesota
St. Cloud,"Stearns, Benton, Sherburne",Minnesota
St. Francis,"Anoka, Isanti",Minnesota
Swanville,"Morrison, Todd",Minnesota
Wadena,"Otter Tail, Wadena",Minnesota
White Bear Lake,"Ramsey, Washington",Minnesota
Baldwyn,"Prentiss, Lee",Mississippi
Centreville,"Wilkinson, Amite",Mississippi
Crenshaw,"Panola, Quitman",Mississippi
Crowder,"Quitman, Panola",Mississippi
Crosby,"Amite, Wilkinson",Mississippi
Hattiesburg,"Forrest, Lamar",Mississippi
Jackson,"Hinds, Madison",Mississippi
Lake,"Scott, Newton",Mississippi
Lumberton,"Lamar, Pearl River",Mississippi
Maben,"Oktibbeha, Webster",Mississippi
Mathiston,"Webster, Choctaw",Mississippi
Nettleton,"Monroe, Lee",Mississippi
Shaw,"Bolivar, Sunflower",Mississippi
Sherman,"Pontotoc, Union, Lee",Mississippi
State Line,"Greene, Wayne",Mississippi
Union,"Newton, Neshoba",Mississippi
Belle,"Maries, Osage",Missouri
Browning,"Linn, Sullivan",Missouri
Cameron,"Clinton, DeKalb, Caldwell",Missouri
Cape Girardeau,"Cape Girardeau, Scott",Missouri
Excelsior Springs,"Clay, Ray",Missouri
Fenton,"St. Louis, Jefferson",Missouri
Foristell,"St. Charles County, Warren",Missouri
Hannibal,"Marion, Ralls",Missouri
Jefferson City,"Callaway,[3] Cole[4]",Missouri
Joplin,"Jasper, Newton",Missouri
Kansas City,"Jackson, Clay, Platte, Cass",Missouri
Lake Ozark,"Camden, Miller",Missouri
Lee's Summit,"Cass, Jackson",Missouri
Monett,"Barry, Lawrence",Missouri
Pacific,"Franklin, St. Louis County",Missouri
Portageville,"New Madrid, Pemiscot",Missouri
Republic,"Christian, Greene",Missouri
Sugar Creek,"Clay, Jackson",Missouri
Valles Mines,"Jefferson, St. Francois",Missouri
Emerson,"Dixon, Dakota, Thurston",Nebraska
Halsey,"Thomas, Blaine",Nebraska
Newman Grove,"Madison, Platte",Nebraska
Oxford,"Furnas, Harlan",Nebraska
Palisade,"Hitchcock, Hayes",Nebraska
Tilden,"Madison, Antelope",Nebraska
Trumbull,"Clay, Adams",Nebraska
Almond,"Allegany, Steuben",New York
Attica,"Wyoming, Genesee",New York
Deposit,"Broome, Delaware",New York
Dolgeville,"Herkimer, Fulton",New York
Earlville,"Madison, Chenango",New York
Geneva,"Ontario, Seneca",New York
Gowanda,"Cattaraugus, Erie",New York
New York,"Kings, Queens, New York, Bronx, Richmond",New York
Rushville,"Yates, Ontario",New York
Saranac Lake,"Essex, Franklin",New York
Cary,"Wake, Chatham",North Carolina
Davidson,"Mecklenburg, Iredell",North Carolina
Elizabeth City,"Camden, Pasquotank",North Carolina
Grifton,"Lenoir, Pitt",North Carolina
High Point,"Guilford, Davidson, Forsyth, Randolph",North Carolina
Kannapolis,"Rowan, Cabarrus",North Carolina
Long View,"Catawba, Burke",North Carolina
Gibsonville,"Guilford, Alamance",North Carolina
Chapel Hill,"Orange, Durham",North Carolina
Raleigh,"Wake, Durham",North Carolina
Rocky Mount,"Edgecombe, Nash",North Carolina
Wilton,"McLean, Burleigh",North Dakota
Reynolds,"Grand Forks, Traill",North Dakota
Tower City,"Cass, Barnes",North Dakota
Grandin,"Traill, Cass",North Dakota
Enderlin,"Ransom, Cass",North Dakota
Lehr,"Logan, McIntosh",North Dakota
Agate,"Rolette, Towner",North Dakota
Adena,"Jefferson, Harrison",Ohio
Alliance,"Stark, Mahoning",Ohio
Baltic,"Tuscarawas, Holmes, Coshocton",Ohio
Bellevue,"Sandusky, Huron, Erie",Ohio
Blanchester,"Clinton, Warren",Ohio
Bluffton,"Allen, Hancock",Ohio
Bradford,"Miami, Darke",Ohio
Buchtel,"Athens, Hocking",Ohio
Buckeye Lake,"Licking, Fairfield",Ohio
Burkettsville,"Mercer, Darke",Ohio
Canal Winchester,"Franklin, Fairfield",Ohio
Carlisle,"Montgomery, Warren",Ohio
Centerville,"Montgomery, Greene",Ohio
Clifton,"Greene, Clark",Ohio
College Corner,"Preble, Butler",Ohio
Columbus,"Franklin, Delaware, Fairfield",Ohio
Columbiana,"Columbiana, Mahoning",Ohio
Crestline,"Crawford, Richland",Ohio
Creston,"Wayne, Medina",Ohio
Dayton,"Montgomery, Greene",Ohio
Delphos,"Allen, Van Wert",Ohio
Dublin,"Franklin, Delaware, Union",Ohio
Elmore,"Ottawa, Sandusky",Ohio
Fairfield,"Hamilton, Butler",Ohio
Fostoria,"Seneca, Hancock, Wood",Ohio
Galion,"Crawford, Morrow, Richland",Ohio
Gratiot,"Licking, Muskingum",Ohio
Green Springs,"Seneca, Sandusky",Ohio
Harrisburg,"Franklin, Pickaway",Ohio
Harveysburg,"Warren, Clinton",Ohio
Huber Heights,"Montgomery, Miami",Ohio
Hunting Valley,"Cuyahoga, Geauga",Ohio
Kettering,"Montgomery, Greene",Ohio
Lithopolis,"Fairfield, Franklin",Ohio
Lockbourne,"Franklin, Pickaway",Ohio
Loudonville,"Ashland, Holmes",Ohio
Loveland,"Clermont, Hamilton, Warren",Ohio
Lynchburg,"Highland, Clinton",Ohio
Magnolia,"Stark, Carroll",Ohio
Middletown,"Butler, Warren",Ohio
Milan,"Erie, Huron",Ohio
Milford,"Hamilton, Clermont",Ohio
Minerva,"Stark, Carroll, Columbiana",Ohio
Minster,"Auglaize, Shelby",Ohio
Mogadore,"Summit, Portage",Ohio
Monroe,"Butler, Warren",Ohio
New Holland,"Pickaway, Fayette",Ohio
Pickerington,"Fairfield, Franklin",Ohio
Plain City,"Madison, Union",Ohio
Plymouth,"Richland, Huron",Ohio
Reynoldsburg,"Franklin, Licking, Fairfield",Ohio
Ridgeway,"Hardin, Logan",Ohio
Rittman,"Wayne, Medina",Ohio
Roseville,"Perry, Muskingum",Ohio
Scott,"Van Wert, Paulding",Ohio
Sharonville,"Hamilton, Butler",Ohio
Springboro,"Warren, Montgomery",Ohio
Swanton,"Fulton, Lucas",Ohio
Tallmadge,"Summit, Portage",Ohio
Union,"Montgomery, Miami",Ohio
Utica,"Licking, Knox",Ohio
Vermilion,"Lorain, Erie",Ohio
Verona,"Preble, Montgomery",Ohio
Washingtonville,"Columbiana, Mahoning",Ohio
Westerville,"Franklin, Delaware",Ohio
Wilson,"Monroe, Belmont",Ohio
Yorkville,"Jefferson, Belmont",Ohio
Youngstown,"Mahoning, Trumbull",Ohio
Allen,"Pontotoc, Hughes",Oklahoma
Bartlesville,"Washington, Osage",Oklahoma
Bixby,"Tulsa, Wagoner",Oklahoma
Blanchard,"McClain, Grady",Oklahoma
Broken Arrow,"Tulsa, Wagoner",Oklahoma
Bromide,"Johnston, Coal",Oklahoma
Cashion,"Kingfisher, Logan",Oklahoma
Catoosa,"Rogers, Wagoner",Oklahoma
Chattanooga,"Comanche, Tillman",Oklahoma
Clinton,"Custer, Washita",Oklahoma
Collinsville,"Tulsa, Rogers",Oklahoma
Davis,"Murray, Garvin",Oklahoma
Drumright,"Creek, Payne",Oklahoma
Fair Oaks,"Wagoner, Rogers",Oklahoma
Fanshawe,"LeFlore, Latimer",Oklahoma
Fort Gibson,"Muskogee, Cherokee",Oklahoma
Geary,"Blaine, Canadian",Oklahoma
Hammon,"Roger Mills, Custer",Oklahoma
Hydro,"Caddo, Blaine",Oklahoma
Liberty,"Tulsa, Okmulgee",Oklahoma
Maud,"Pottawatomie, Seminole",Oklahoma
Mulhall,"Logan, Payne",Oklahoma
Oaks,"Delaware, Cherokee",Oklahoma
Okarche,"Canadian, Kingfisher",Oklahoma
Oklahoma City,"Oklahoma, Cleveland, Canadian, Pottawatomie",Oklahoma
Orlando,"Logan, Payne",Oklahoma
Owasso,"Tulsa, Rogers",Oklahoma
Piedmont,"Canadian, Kingfisher",Oklahoma
Ponca City,"Kay, Osage",Oklahoma
Purcell,"McClain, Cleveland",Oklahoma
Sand Springs,"Tulsa, Osage",Oklahoma
Sapulpa,"Creek, Tulsa",Oklahoma
Skiatook,"Osage, Tulsa",Oklahoma
Stroud,"Lincoln, Creek",Oklahoma
Sweetwater,"Beckham, Roger Mills",Oklahoma
Tulsa,"Tulsa, Osage, Rogers, Wagoner",Oklahoma
Albany,"Linn, Benton",Oregon
Lake Oswego,"Clackamas, Multnomah, Washington",Oregon
Gates,"Linn, Marion",Oregon
Idanha,"Linn, Marion",Oregon
Mill City,"Linn, Marion",Oregon
Milwaukie,"Multnomah, Clackamas",Oregon
Portland,"Multnomah, Clackamas, Washington",Oregon
Rivergrove,"Clackamas, Washington",Oregon
Salem,"Marion, Polk",Oregon
Tualatin,"Clackamas, Washington",Oregon
Willamina,"Yamhill, Polk",Oregon
Wilsonville,"Clackamas, Washington",Oregon
Adamstown,"Berks, Lancaster",Pennsylvania
Ashland,"Schuylkill, Columbia",Pennsylvania
Bethlehem,"Lehigh, Northampton",Pennsylvania
Ellwood City,"Beaver, Lawrence",Pennsylvania
Falls Creek,"Jefferson, Clearfield",Pennsylvania
McDonald,"Washington, Allegheny",Pennsylvania
Telford,"Bucks, Montgomery",Pennsylvania
Trafford,"Westmoreland, Allegheny",Pennsylvania
Andrews,"Georgetown, Williamsburg",South Carolina
Batesburg-Leesville,"Lexington, Saluda",South Carolina
Cayce,"Lexington, Richland",South Carolina
Charleston,"Charleston, Berkeley",South Carolina
Clemson,"Pickens, Anderson",South Carolina
Columbia,"Richland, Lexington",South Carolina
Fountain Inn,"Greenville, Laurens",South Carolina
Greer,"Greenville, Spartanburg",South Carolina
Hardeeville,"Beaufort, Jasper",South Carolina
Murrells Inlet,"Georgetown, Horry",South Carolina
North Charleston,"Charleston, Dorchester",South Carolina
Arlington,"Kingsbury, Brookings",South Dakota
Beresford,"Union, Lincoln",South Dakota
Box Elder,"Pennington, Meade",South Dakota
Eagle Butte,"Dewey, Ziebach",South Dakota
Irene,"Turner, Clay, Yankton",South Dakota
Iroquois,"Kingsbury, Beadle",South Dakota
Sioux Falls,"Minnehaha, Lincoln",South Dakota
Wessington,"Beadle, Hand",South Dakota
Adamsville,"McNairy, Hardin",Tennessee
Enville,"Chester, McNairy",Tennessee
Farragut,"Knox, Loudon",Tennessee
Goodlettsville,"Sumner, Davidson",Tennessee
Grand Junction,"Fayette, Hardeman",Tennessee
Humboldt,"Gibson, Madison",Tennessee
Iron City,"Lawrence, Wayne",Tennessee
Johnson City,"Washington, Carter, Sullivan",Tennessee
Kenton,"Obion, Gibson",Tennessee
Kingsport,"Sullivan, Hawkins",Tennessee
Lake City,"Anderson, Campbell",Tennessee
McKenzie,"Carroll, Henry, Weakley",Tennessee
Milledgeville,"Chester, Hardin, McNairy",Tennessee
Millersville,"Sumner, Robertson",Tennessee
Monteagle,"Grundy, Marion",Tennessee
Morristown,"Hamblen, Jefferson",Tennessee
Oak Ridge,"Anderson, Roane",Tennessee
Oliver Springs,"Anderson, Roane, Morgan",Tennessee
Petersburg,"Lincoln, Marshall",Tennessee
Portland,"Sumner, Robertson",Tennessee
Ridgetop,"Davidson, Robertson",Tennessee
Scotts Hill,"Decatur, Henderson",Tennessee
Silerton,"Chester, Hardeman",Tennessee
Spring Hill,"Williamson, Maury",Tennessee
Sweetwater,"Monroe, McMinn",Tennessee
Trimble,"Dyer, Obion",Tennessee
Tullahoma,"Coffee, Franklin",Tennessee
Watauga,"Carter, Washington",Tennessee
White House,"Robertson, Sumner",Tennessee
White Pine,"Jefferson, Hamblen",Tennessee
Abernathy,"Hale, Lubbock",Texas
Abilene,"Jones, Taylor",Texas
Ackerly,"Dawson, Martin",Texas
Amarillo,"Potter, Randall",Texas
Aransas Pass,"Aransas, Nueces, San Patricio",Texas
Austin,"Hays, Travis, Williamson[6]",Texas
Bartlett,"Bell, Williamson",Texas
Baytown,"Chambers, Harris",Texas
Blackwell,"Coke, Nolan",Texas
Bruceville-Eddy,"Falls, McLennan",Texas
Bullard,"Cherokee, Smith",Texas
Burleson,"Johnson, Tarrant",Texas
Carrollton,"Collin, Dallas, Denton",Texas
Cedar Hill,"Dallas, Ellis",Texas
Celina,"Collin, Denton",Texas
Cibolo,"Bexar, Guadalupe",Texas
Clarksville City,"Gregg, Upshur",Texas
Combine,"Dallas, Kaufman",Texas
Coppell,"Dallas, Denton",Texas
Copperas Cove,"Bell, Coryell, Lampasas",Texas
Corpus Christi,"Aransas, Nueces, Kleberg, San Patricio",Texas
Cresson,"Hood, Johnson, Parker",Texas
Crowley,"Johnson, Tarrant",Texas
Dallas,"Dallas, Collin, Denton, Kaufman (water only), Rockwall (water only)",Texas
Dalhart,"Dallam, Hartley",Texas
Denver City,"Gaines, Yoakum",Texas
East Mountain,"Gregg, Upshur",Texas
Easton,"Gregg, Rusk",Texas
Elgin,"Bastrop, Travis",Texas
Evant,"Coryell, Hamilton",Texas
Fair Oaks Ranch,"Bexar, Comal, Kendall",Texas
Ferris,"Dallas, Ellis",Texas
Flower Mound,"Denton, Tarrant",Texas
Fort Worth,"Denton, Parker, Tarrant",Texas
Friendswood,"Galveston, Harris",Texas
Frisco,"Collin, Denton",Texas
Fritch,"Hutchinson, Moore",Texas
Gladewater,"Gregg, Upshur",Texas
Glenn Heights,"Dallas, Ellis",Texas
Golinda,"Falls, McLennan",Texas
Grand Prairie,"Dallas, Ellis, Tarrant",Texas
Grapevine,"Dallas, Denton, Tarrant",Texas
Hamlin,"Fisher, Jones",Texas
Haslet,"Denton, Tarrant",Texas
Heath,"Kaufman, Rockwall",Texas
Hebron,"Collin, Denton",Texas
Horseshoe Bay,"Burnet, Llano",Texas
Houston,"Harris, Fort Bend, Montgomery",Texas
Hughes Springs,"Cass, Morris",Texas
Josephine,"Collin, Hunt",Texas
Katy,"Fort Bend, Harris, Waller",Texas
Kilgore,"Gregg, Rusk",Texas
League City,"Galveston, Harris",Texas
Lewisville,"Dallas, Denton",Texas
Longview,"Gregg, Harrison",Texas
Lueders,"Jones, Shackelford",Texas
Lytle,"Atascosa, Bexar, Medina",Texas
Mabank,"Henderson, Kaufman",Texas
Mansfield,"Ellis, Johnson, Tarrant",Texas
McGregor,"Coryell, McLennan",Texas
Mesquite,"Dallas, Kaufman",Texas
Missouri City,"Fort Bend, Harris",Texas
Mont Belvieu,"Chambers, Liberty",Texas
Mustang Ridge,"Bastrop, Caldwell, Travis",Texas
Navasota,"Brazos, Grimes",Texas
New Braunfels,"Comal, Guadalupe",Texas
Niederwald,"Caldwell, Hays",Texas
Nixon,"Gonzales, Wilson",Texas
O'Donnell,"Dawson, Lynn",Texas
Oakwood,"Freestone, Leon",Texas
Odessa,"Ector, Midland",Texas
Old River-Winfree,"Chambers, Liberty",Texas
Ovilla,"Dallas, Ellis",Texas
Pearland,"Brazoria, Fort Bend, Harris",Texas
Pecan Gap,"Delta, Fannin",Texas
Pernitas Point,"Jim Wells, Live Oak",Texas
Plano,"Collin, Denton",Texas
Port Arthur,"Jefferson, Orange (water only)",Texas
Prosper,"Collin, Denton",Texas
Reklaw,"Cherokee, Rusk",Texas
Richardson,"Dallas, Collin",Texas
Rowlett,"Dallas, Rockwall",Texas
Royse City,"Collin, Rockwall, Hunt",Texas
Sachse,"Collin, Dallas",Texas
San Antonio,"Bexar, Medina",Texas
San Diego,"Duval, Jim Wells",Texas
San Marcos,"Caldwell, Guadalupe, Hays",Texas
Schertz,"Bexar, Comal, Guadalupe",Texas
Seabrook,"Chambers, Harris (water area only)",Texas
Seagoville,"Dallas, Kaufman",Texas
Seven Points,"Henderson, Kaufman",Texas
Shoreacres,"Chambers, Harris (water area only)",Texas
Selma,"Bexar, Comal, Guadalupe",Texas
Southlake,"Denton, Tarrant",Texas
Stafford,"Fort Bend, Harris",Texas
Stamford,"Haskell, Jones",Texas
Streetman,"Freestone, Navarro",Texas
Texas City,Galveston,Texas
Trophy Club,"Denton, Tarrant",Texas
Troup,"Cherokee, Smith",Texas
Uhland,"Caldwell, Hays",Texas
Universal City,"Bexar, Guadalupe",Texas
Valley Mills,"Bosque, McLennan",Texas
Van Alstyne,"Collin, Grayson",Texas
Venus,"Ellis, Johnson",Texas
Waller,"Harris, Waller",Texas
Warren City,"Gregg, Upshur",Texas
Westlake,"Denton, Tarrant",Texas
Whitewright,"Fannin, Grayson",Texas
Windthorst,"Archer, Clay",Texas
Winnsboro,"Franklin, Wood",Texas
Wylie,"Collin, Dallas, Rockwall",Texas
Yoakum,"DeWitt, Lavaca",Texas
Bluffdale,"Salt Lake, Utah",Utah
Draper,"Salt Lake, Utah",Utah
Santaquin,"Utah, Juab",Utah
Belle Haven,"Accomack, Northampton",Virginia
Brodnax,"Brunswick, Mecklenburg",Virginia
Farmville,"Prince Edward, Cumberland",Virginia
Gordonsville,"Orange, Louisa",Virginia
Grottoes,"Augusta, Rockingham",Virginia
Jarratt,"Greensville, Sussex",Virginia
Kilmarnock,"Lancaster, Northumberland",Virginia
Pamplin City,"Appomattox, Prince Edward",Virginia
Saltville,"Smyth, Washington",Virginia
Scottsville,"Albemarle, Buckingham",Virginia
St. Paul,"Wise, Russell",Virginia
Auburn,"King, Pierce",Washington
Bothell,"King, Snohomish",Washington
Coulee Dam,"Douglas, Grant, Okanogan",Washington
Milton,"King, Pierce",Washington
Pacific,"King, Pierce",Washington
Woodland,"Clark, Cowlitz[7]",Washington
Huntington,"Cabell, Wayne",West Virginia
Montgomery,"Fayette, Kanawha",West Virginia
Nitro,"Kanawha, Putnam",West Virginia
Paden City,"Tyler, Wetzel",West Virginia
Smithers,"Fayette, Kanawha",West Virginia
Weirton,"Hancock, Brooke",West Virginia
Wheeling,"Ohio, Marshall",West Virginia
Abbotsford,"Clark, Marathon",Wisconsin
Appleton,"Outagamie, Calumet, Winnebago",Wisconsin
Ashland,"Ashland, Bayfield",Wisconsin
Berlin,"Green Lake, Waushara",Wisconsin
Brodhead,"Green, Rock",Wisconsin
Burlington,"Racine, Walworth",Wisconsin
Colby,"Clark, Marathon",Wisconsin
Columbus,"Columbia, Dodge",Wisconsin
Cuba City,"Grant, Lafayette",Wisconsin
Eau Claire,"Eau Claire, Chippewa",Wisconsin
Edgerton,"Rock, Dane",Wisconsin
Hartford,"Washington, Dodge",Wisconsin
Kaukauna,"Calumet, Outagamie",Wisconsin
Kiel,"Manitowoc, Calumet",Wisconsin
Marion,"Waupaca, Shawano",Wisconsin
Marshfield,"Wood, Marathon",Wisconsin
Menasha,"Winnebago, Calumet",Wisconsin
Milwaukee,"Milwaukee, Washington, Waukesha",Wisconsin
New London,"Waupaca, Outagamie",Wisconsin
River Falls,"Pierce, St. Croix",Wisconsin
Stanley,"Chippewa, Clark",Wisconsin
Watertown,"Jefferson, Dodge",Wisconsin
Waupun,"Dodge, Fond du Lac",Wisconsin
Whitewater,"Walworth, Jefferson",Wisconsin
Wisconsin Dells,"Columbia, Sauk, Adams, Juneau",Wisconsin
Frannie,"Big Horn, Park",Wyoming