County,County Code,Deaths,Population,Crude Rate
"Baldwin County, AL",1003,26,218022,11.9
"Calhoun County, AL",1015,32,114277,28
"Coffee County, AL",1031,11,51909,Unreliable
"Colbert County, AL",1033,13,54762,Unreliable
"Dale County, AL",1045,14,48956,Unreliable
"Dallas County, AL",1047,20,38310,52.2
"DeKalb County, AL",1049,11,71385,Unreliable
"Elmore County, AL",1051,22,81887,26.9
"Etowah County, AL",1055,22,102501,21.5
"Houston County, AL",1069,23,104722,22
"Jackson County, AL",1071,15,51736,Unreliable
"Jefferson County, AL",1073,203,659300,30.8
"Lauderdale County, AL",1077,11,92387,Unreliable
"Lawrence County, AL",1079,13,32957,Unreliable
"Lee County, AL",1081,27,163941,16.5
"Limestone County, AL",1083,24,96174,25
"Madison County, AL",1089,66,366519,18
"Marshall County, AL",1095,13,96109,Unreliable
"Mobile County, AL",1097,92,413757,22.2
"Montgomery County, AL",1101,58,225763,25.7
"Morgan County, AL",1103,29,119089,24.4
"Russell County, AL",1113,18,57781,Unreliable
"St. Clair County, AL",1115,22,88690,24.8
"Shelby County, AL",1117,28,215707,13
"Talladega County, AL",1121,17,79828,Unreliable
"Tuscaloosa County, AL",1125,33,208911,15.8
"Walker County, AL",1127,14,63711,Unreliable
"Anchorage Borough, AK",2020,53,291538,18.2
"Fairbanks North Star Borough, AK",2090,28,98971,28.3
"Kenai Peninsula Borough, AK",2122,11,58533,Unreliable
"Matanuska-Susitna Borough, AK",2170,20,107610,18.6
"Apache County, AZ",4001,14,71818,Unreliable
"Cochise County, AZ",4003,18,126770,Unreliable
"Coconino County, AZ",4005,20,142854,14
"Gila County, AZ",4007,22,53889,40.8
"La Paz County, AZ",4012,11,21098,Unreliable
"Maricopa County, AZ",4013,608,4410824,13.8
"Mohave County, AZ",4015,64,209550,30.5
"Navajo County, AZ",4017,23,110445,20.8
"Pima County, AZ",4019,178,1039073,17.1
"Pinal County, AZ",4021,61,447138,13.6
"Yavapai County, AZ",4025,63,231993,27.2
"Yuma County, AZ",4027,31,212128,14.6
"Baxter County, AR",5005,10,41619,Unreliable
"Benton County, AR",5007,20,272608,7.3
"Craighead County, AR",5031,13,108558,Unreliable
"Crawford County, AR",5033,11,63406,Unreliable
"Crittenden County, AR",5035,15,48342,Unreliable
"Faulkner County, AR",5045,23,124806,18.4
"Garland County, AR",5051,20,99154,20.2
"Greene County, AR",5055,12,45325,Unreliable
"Jefferson County, AR",5069,21,68114,30.8
"Lonoke County, AR",5085,14,73657,Unreliable
"Phillips County, AR",5107,12,18029,Unreliable
"Pope County, AR",5115,10,64000,Unreliable
"Pulaski County, AR",5119,103,392680,26.2
"Saline County, AR",5125,21,121421,17.3
"Sebastian County, AR",5131,19,127753,Unreliable
"Washington County, AR",5143,26,236961,11
"White County, AR",5145,13,78727,Unreliable
"Alameda County, CA",6001,113,1666753,6.8
"Amador County, CA",6005,10,39383,Unreliable
"Butte County, CA",6007,36,231256,15.6
"Contra Costa County, CA",6013,84,1150215,7.3
"El Dorado County, CA",6017,15,190678,Unreliable
"Fresno County, CA",6019,81,994400,8.1
"Humboldt County, CA",6023,22,136373,16.1
"Imperial County, CA",6025,12,181827,Unreliable
"Kern County, CA",6029,124,896764,13.8
"Lake County, CA",6033,16,64382,Unreliable
"Los Angeles County, CA",6037,733,10105518,7.3
"Madera County, CA",6039,17,157672,Unreliable
"Marin County, CA",6041,11,259666,Unreliable
"Merced County, CA",6047,20,274765,7.3
"Monterey County, CA",6053,38,435594,8.7
"Napa County, CA",6055,11,139417,Unreliable
"Nevada County, CA",6057,12,99696,Unreliable
"Orange County, CA",6059,138,3185968,4.3
"Placer County, CA",6061,17,393149,Unreliable
"Riverside County, CA",6065,193,2450758,7.9
"Sacramento County, CA",6067,148,1540975,9.6
"San Bernardino County, CA",6071,210,2171603,9.7
"San Diego County, CA",6073,224,3343364,6.7
"San Francisco County, CA",6075,40,883305,4.5
"San Joaquin County, CA",6077,84,752660,11.2
"San Luis Obispo County, CA",6079,30,284010,10.6
"San Mateo County, CA",6081,37,769545,4.8
"Santa Barbara County, CA",6083,24,446527,5.4
"Santa Clara County, CA",6085,66,1937570,3.4
"Santa Cruz County, CA",6087,18,274255,Unreliable
"Shasta County, CA",6089,31,180040,17.2
"Solano County, CA",6095,48,446610,10.7
"Sonoma County, CA",6097,29,499942,5.8
"Stanislaus County, CA",6099,34,549815,6.2
"Tehama County, CA",6103,15,63916,Unreliable
"Tulare County, CA",6107,40,465861,8.6
"Ventura County, CA",6111,76,850967,8.9
"Yuba County, CA",6115,15,78041,Unreliable
"Adams County, CO",8001,72,511868,14.1
"Arapahoe County, CO",8005,71,651215,10.9
"Boulder County, CO",8013,38,326078,11.7
"Delta County, CO",8029,11,30953,Unreliable
"Denver County, CO",8031,112,716492,15.6
"Douglas County, CO",8035,29,342776,8.5
"El Paso County, CO",8041,144,713856,20.2
"Fremont County, CO",8043,12,48021,Unreliable
"Garfield County, CO",8045,12,59770,Unreliable
"Jefferson County, CO",8059,77,580233,13.3
"La Plata County, CO",8067,10,56310,Unreliable
"Larimer County, CO",8069,47,350518,13.4
"Mesa County, CO",8077,40,153207,26.1
"Montrose County, CO",8085,11,42214,Unreliable
"Pueblo County, CO",8101,35,167529,20.9
"Weld County, CO",8123,34,314305,10.8
"Fairfield County, CT",9001,26,943823,2.8
"Hartford County, CT",9003,46,892697,5.2
"Litchfield County, CT",9005,16,181111,Unreliable
"Middlesex County, CT",9007,13,162682,Unreliable
"New Haven County, CT",9009,53,857620,6.2
"New London County, CT",9011,12,266784,Unreliable
"Tolland County, CT",9013,12,150921,Unreliable
"Kent County, DE",10001,21,178550,11.8
"New Castle County, DE",10003,63,559335,11.3
"Sussex County, DE",10005,23,229286,10
"District of Columbia, DC",11001,125,702455,17.8
"Alachua County, FL",12001,31,269956,11.5
"Bay County, FL",12005,39,185287,21
"Brevard County, FL",12009,93,596849,15.6
"Broward County, FL",12011,222,1951260,11.4
"Charlotte County, FL",12015,23,184998,12.4
"Citrus County, FL",12017,36,147929,24.3
"Clay County, FL",12019,25,216072,11.6
"Collier County, FL",12021,35,378488,9.2
"Columbia County, FL",12023,13,70503,Unreliable
"Duval County, FL",12031,195,950181,20.5
"Escambia County, FL",12033,44,315534,13.9
"Flagler County, FL",12035,22,112067,19.6
"Hernando County, FL",12053,27,190865,14.1
"Highlands County, FL",12055,16,105424,Unreliable
"Hillsborough County, FL",12057,161,1436888,11.2
"Indian River County, FL",12061,30,157413,19.1
"Jackson County, FL",12063,11,48305,Unreliable
"Lake County, FL",12069,52,356495,14.6
"Lee County, FL",12071,108,754610,14.3
"Leon County, FL",12073,35,292502,12
"Levy County, FL",12075,11,40770,Unreliable
"Manatee County, FL",12081,57,394855,14.4
"Marion County, FL",12083,75,359977,20.8
"Martin County, FL",12085,25,160912,15.5
"Miami-Dade County, FL",12086,297,2761581,10.8
"Monroe County, FL",12087,25,75027,33.3
"Nassau County, FL",12089,15,85832,Unreliable
"Okaloosa County, FL",12091,28,207269,13.5
"Orange County, FL",12095,164,1380645,11.9
"Osceola County, FL",12097,33,367990,9
"Palm Beach County, FL",12099,189,1485941,12.7
"Pasco County, FL",12101,86,539630,15.9
"Pinellas County, FL",12103,137,975280,14
"Polk County, FL",12105,74,708009,10.5
"Putnam County, FL",12107,24,74163,32.4
"St. Johns County, FL",12109,39,254261,15.3
"St. Lucie County, FL",12111,45,321128,14
"Santa Rosa County, FL",12113,28,179349,15.6
"Sarasota County, FL",12115,56,426718,13.1
"Seminole County, FL",12117,48,467832,10.3
"Sumter County, FL",12119,16,128754,Unreliable
"Volusia County, FL",12127,94,547538,17.2
"Barrow County, GA",13013,11,80809,Unreliable
"Bartow County, GA",13015,22,106408,20.7
"Bibb County, GA",13021,38,153095,24.8
"Bulloch County, GA",13031,10,77296,Unreliable
"Carroll County, GA",13045,21,118121,17.8
"Chatham County, GA",13051,54,289195,18.7
"Cherokee County, GA",13057,33,254149,13
"Clarke County, GA",13059,22,127330,17.3
"Clayton County, GA",13063,60,289615,20.7
"Cobb County, GA",13067,74,756865,9.8
"Colquitt County, GA",13071,12,45592,Unreliable
"Columbia County, GA",13073,15,154291,Unreliable
"Coweta County, GA",13077,20,145864,13.7
"Crisp County, GA",13081,10,22601,Unreliable
"DeKalb County, GA",13089,128,756558,16.9
"Dougherty County, GA",13095,17,91243,Unreliable
"Douglas County, GA",13097,17,145331,Unreliable
"Fayette County, GA",13113,10,113459,Unreliable
"Floyd County, GA",13115,17,97927,Unreliable
"Forsyth County, GA",13117,23,236612,9.7
"Fulton County, GA",13121,162,1050114,15.4
"Gilmer County, GA",13123,12,30816,Unreliable
"Glynn County, GA",13127,14,85219,Unreliable
"Gordon County, GA",13129,14,57685,Unreliable
"Gwinnett County, GA",13135,98,927781,10.6
"Hall County, GA",13139,24,202148,11.9
"Henry County, GA",13151,43,230220,18.7
"Houston County, GA",13153,30,155469,19.3
"Jackson County, GA",13157,15,70422,Unreliable
"Laurens County, GA",13175,11,47325,Unreliable
"Liberty County, GA",13179,12,61497,Unreliable
"Lowndes County, GA",13185,17,116321,Unreliable
"Muscogee County, GA",13215,52,194160,26.8
"Newton County, GA",13217,15,109541,Unreliable
"Paulding County, GA",13223,17,164044,Unreliable
"Polk County, GA",13233,10,42470,Unreliable
"Richmond County, GA",13245,41,201554,20.3
"Rockdale County, GA",13247,14,90594,Unreliable
"Spalding County, GA",13255,14,66100,Unreliable
"Troup County, GA",13285,14,70034,Unreliable
"Walton County, GA",13297,21,93503,22.5
"Hawaii County, HI",15001,23,200983,11.4
"Honolulu County, HI",15003,23,980080,2.3
"Ada County, ID",16001,71,469966,15.1
"Bannock County, ID",16005,19,87138,Unreliable
"Bonner County, ID",16017,10,44727,Unreliable
"Bonneville County, ID",16019,19,116854,Unreliable
"Canyon County, ID",16027,32,223499,14.3
"Kootenai County, ID",16055,32,161505,19.8
"Twin Falls County, ID",16083,12,86081,Unreliable
"Champaign County, IL",17019,16,209983,Unreliable
"Cook County, IL",17031,733,5180493,14.1
"DuPage County, IL",17043,39,928589,4.2
"Kane County, IL",17089,27,534216,5.1
"Kankakee County, IL",17091,12,110024,Unreliable
"Lake County, IL",17097,39,700832,5.6
"McHenry County, IL",17111,12,308570,Unreliable
"McLean County, IL",17113,18,172828,Unreliable
"Macon County, IL",17115,10,104712,Unreliable
"Madison County, IL",17119,31,264461,11.7
"Peoria County, IL",17143,25,180621,13.8
"St. Clair County, IL",17163,56,261059,21.5
"Sangamon County, IL",17167,20,195348,10.2
"Vermilion County, IL",17183,21,76806,27.3
"Will County, IL",17197,41,692310,5.9
"Williamson County, IL",17199,12,67056,Unreliable
"Winnebago County, IL",17201,48,284081,16.9
"Allen County, IN",18003,55,375351,14.7
"Boone County, IN",18011,12,66999,Unreliable
"Clark County, IN",18019,20,117360,17
"Delaware County, IN",18035,12,114772,Unreliable
"Elkhart County, IN",18039,16,205560,Unreliable
"Grant County, IN",18053,15,65936,Unreliable
"Hamilton County, IN",18057,23,330086,7
"Hendricks County, IN",18063,27,167009,16.2
"Lake County, IN",18089,102,484411,21.1
"La Porte County, IN",18091,14,110007,Unreliable
"Madison County, IN",18095,24,129641,18.5
"Marion County, IN",18097,238,954670,24.9
"Monroe County, IN",18105,13,146917,Unreliable
"Morgan County, IN",18109,11,70116,Unreliable
"Porter County, IN",18127,16,169594,Unreliable
"St. Joseph County, IN",18141,32,270771,11.8
"Tippecanoe County, IN",18157,17,193048,Unreliable
"Vanderburgh County, IN",18163,37,180974,20.4
"Vigo County, IN",18167,15,107386,Unreliable
"Wayne County, IN",18177,15,65936,Unreliable
"Black Hawk County, IA",19013,13,132408,Unreliable
"Linn County, IA",19113,22,225909,9.7
"Polk County, IA",19153,33,487204,6.8
"Scott County, IA",19163,17,173283,Unreliable
"Butler County, KS",20015,12,66765,Unreliable
"Douglas County, KS",20045,12,121436,Unreliable
"Johnson County, KS",20091,58,597555,9.7
"Leavenworth County, KS",20103,14,81352,Unreliable
"Saline County, KS",20169,12,54401,Unreliable
"Sedgwick County, KS",20173,96,513607,18.7
"Shawnee County, KS",20177,32,177499,18
"Wyandotte County, KS",20209,41,165324,24.8
"Barren County, KY",21009,11,44176,Unreliable
"Boone County, KY",21015,18,131533,Unreliable
"Boyd County, KY",21019,10,47240,Unreliable
"Bullitt County, KY",21029,18,81069,Unreliable
"Campbell County, KY",21037,10,93152,Unreliable
"Christian County, KY",21047,23,71671,32.1
"Daviess County, KY",21059,11,101104,Unreliable
"Fayette County, KY",21067,35,323780,10.8
"Floyd County, KY",21071,11,35845,Unreliable
"Hardin County, KY",21093,15,110356,Unreliable
"Jefferson County, KY",21111,157,770517,20.4
"Johnson County, KY",21115,11,22386,Unreliable
"Kenton County, KY",21117,17,166051,Unreliable
"Laurel County, KY",21125,11,60669,Unreliable
"Madison County, KY",21151,14,92368,Unreliable
"Pike County, KY",21195,14,58402,Unreliable
"Shelby County, KY",21211,12,48518,Unreliable
"Warren County, KY",21227,20,131264,15.2
"Whitley County, KY",21235,12,36242,Unreliable
"Acadia Parish, LA",22001,10,62190,Unreliable
"Ascension Parish, LA",22005,17,124672,Unreliable
"Avoyelles Parish, LA",22009,11,40462,Unreliable
"Bossier Parish, LA",22015,17,127185,Unreliable
"Caddo Parish, LA",22017,83,242922,34.2
"Calcasieu Parish, LA",22019,33,203112,16.2
"East Baton Rouge Parish, LA",22033,125,440956,28.3
"Evangeline Parish, LA",22039,12,33443,Unreliable
"Iberia Parish, LA",22045,19,70941,Unreliable
"Jefferson Parish, LA",22051,83,434051,19.1
"Lafayette Parish, LA",22055,43,242782,17.7
"Lafourche Parish, LA",22057,14,98115,Unreliable
"Livingston Parish, LA",22063,22,139567,15.8
"Natchitoches Parish, LA",22069,10,38659,Unreliable
"Orleans Parish, LA",22071,131,391006,33.5
"Ouachita Parish, LA",22073,32,154475,20.7
"Rapides Parish, LA",22079,31,130562,23.7
"St. John the Baptist Parish, LA",22095,15,43184,Unreliable
"St. Landry Parish, LA",22097,18,82764,Unreliable
"St. Martin Parish, LA",22099,10,53621,Unreliable
"St. Mary Parish, LA",22101,13,49774,Unreliable
"St. Tammany Parish, LA",22103,44,258111,17
"Tangipahoa Parish, LA",22105,21,133777,15.7
"Terrebonne Parish, LA",22109,13,111021,Unreliable
"Vermilion Parish, LA",22113,13,59830,Unreliable
"Webster Parish, LA",22119,10,38798,Unreliable
"Androscoggin County, ME",23001,11,107679,Unreliable
"Aroostook County, ME",23003,10,67111,Unreliable
"Cumberland County, ME",23005,22,293557,7.5
"Kennebec County, ME",23011,14,122083,Unreliable
"Penobscot County, ME",23019,30,151096,19.9
"Somerset County, ME",23025,12,50592,Unreliable
"York County, ME",23031,14,206229,Unreliable
"Anne Arundel County, MD",24003,50,576031,8.7
"Baltimore County, MD",24005,96,828431,11.6
"Cecil County, MD",24015,11,102826,Unreliable
"Charles County, MD",24017,23,161503,14.2
"Frederick County, MD",24021,13,255648,Unreliable
"Harford County, MD",24025,27,253956,10.6
"Montgomery County, MD",24031,46,1052567,4.4
"Prince George's County, MD",24033,88,909308,9.7
"St. Mary's County, MD",24037,11,112664,Unreliable
"Washington County, MD",24043,14,150926,Unreliable
"Wicomico County, MD",24045,10,103195,Unreliable
"Baltimore city, MD",24510,243,602495,40.3
"Barnstable County, MA",25001,10,213413,Unreliable
"Bristol County, MA",25005,27,564022,4.8
"Essex County, MA",25009,22,790638,2.8
"Hampden County, MA",25013,39,470406,8.3
"Middlesex County, MA",25017,28,1614714,1.7
"Norfolk County, MA",25021,12,705388,Unreliable
"Plymouth County, MA",25023,20,518132,3.9
"Suffolk County, MA",25025,53,807252,6.6
"Worcester County, MA",25027,25,830839,3
"Bay County, MI",26017,10,103923,Unreliable
"Berrien County, MI",26021,17,154141,Unreliable
"Calhoun County, MI",26025,25,134487,18.6
"Eaton County, MI",26045,16,109826,Unreliable
"Genesee County, MI",26049,79,406892,19.4
"Ingham County, MI",26065,26,292735,8.9
"Jackson County, MI",26075,33,158823,20.8
"Kalamazoo County, MI",26077,29,264870,10.9
"Kent County, MI",26081,44,653786,6.7
"Lapeer County, MI",26087,11,88028,Unreliable
"Livingston County, MI",26093,12,191224,Unreliable
"Macomb County, MI",26099,99,874759,11.3
"Marquette County, MI",26103,10,66516,Unreliable
"Monroe County, MI",26115,17,150439,Unreliable
"Montcalm County, MI",26117,10,63968,Unreliable
"Muskegon County, MI",26121,26,173588,15
"Oakland County, MI",26125,129,1259201,10.2
"Ottawa County, MI",26139,18,290494,Unreliable
"Saginaw County, MI",26145,24,190800,12.6
"St. Clair County, MI",26147,22,159337,13.8
"Shiawassee County, MI",26155,10,68192,Unreliable
"Tuscola County, MI",26157,13,52516,Unreliable
"Van Buren County, MI",26159,16,75448,Unreliable
"Washtenaw County, MI",26161,22,370963,5.9
"Wayne County, MI",26163,375,1753893,21.4
"Anoka County, MN",27003,31,353813,8.8
"Crow Wing County, MN",27035,10,64889,Unreliable
"Dakota County, MN",27037,25,425423,5.9
"Hennepin County, MN",27053,63,1259428,5
"Olmsted County, MN",27109,16,156277,Unreliable
"Ramsey County, MN",27123,47,550210,8.5
"St. Louis County, MN",27137,31,199754,15.5
"Stearns County, MN",27145,10,159256,Unreliable
"Washington County, MN",27163,14,259201,Unreliable
"Adams County, MS",28001,15,31192,Unreliable
"Alcorn County, MS",28003,16,36925,Unreliable
"DeSoto County, MS",28033,30,182001,16.5
"Forrest County, MS",28035,18,75036,Unreliable
"Hancock County, MS",28045,14,47334,Unreliable
"Harrison County, MS",28047,37,206650,17.9
"Hinds County, MS",28049,99,237085,41.8
"Holmes County, MS",28051,10,17622,Unreliable
"Jackson County, MS",28059,32,143277,22.3
"Jones County, MS",28067,12,68461,Unreliable
"Lauderdale County, MS",28075,17,75317,Unreliable
"Leake County, MS",28079,12,22763,Unreliable
"Leflore County, MS",28083,15,28919,Unreliable
"Lincoln County, MS",28085,10,34205,Unreliable
"Lowndes County, MS",28087,13,58930,Unreliable
"Madison County, MS",28089,17,105630,Unreliable
"Rankin County, MS",28121,31,153902,20.1
"Warren County, MS",28149,10,46176,Unreliable
"Washington County, MS",28151,20,45063,44.4
"Boone County, MO",29019,25,180005,13.9
"Buchanan County, MO",29021,14,88571,Unreliable
"Cape Girardeau County, MO",29031,16,78753,Unreliable
"Cass County, MO",29037,24,104954,22.9
"Christian County, MO",29043,19,86983,Unreliable
"Clay County, MO",29047,40,246365,16.2
"Cole County, MO",29051,16,76796,Unreliable
"Dunklin County, MO",29069,10,29423,Unreliable
"Franklin County, MO",29071,21,103670,20.3
"Greene County, MO",29077,53,291923,18.2
"Jackson County, MO",29095,231,700307,33
"Jasper County, MO",29097,16,120636,Unreliable
"Jefferson County, MO",29099,47,224347,20.9
"Platte County, MO",29165,19,102985,Unreliable
"St. Charles County, MO",29183,42,399182,10.5
"St. Francois County, MO",29187,13,66692,Unreliable
"St. Louis County, MO",29189,222,996945,22.3
"Stone County, MO",29209,12,31749,Unreliable
"St. Louis city, MO",29510,147,302838,48.5
"Cascade County, MT",30013,12,81643,Unreliable
"Flathead County, MT",30029,20,102106,19.6
"Gallatin County, MT",30031,15,111876,Unreliable
"Lewis and Clark County, MT",30049,14,68700,Unreliable
"Missoula County, MT",30063,21,118791,17.7
"Ravalli County, MT",30081,14,43172,Unreliable
"Yellowstone County, MT",30111,19,160137,Unreliable
"Douglas County, NE",31055,61,566880,10.8
"Lancaster County, NE",31109,19,317272,Unreliable
"Sarpy County, NE",31153,13,184459,Unreliable
"Clark County, NV",32003,383,2231647,17.2
"Douglas County, NV",32005,11,48467,Unreliable
"Elko County, NV",32007,15,52460,Unreliable
"Lyon County, NV",32019,13,55808,Unreliable
"Nye County, NV",32023,15,45346,Unreliable
"Washoe County, NV",32031,63,465735,13.5
"Carson City, NV",32510,10,55414,Unreliable
"Carroll County, NH",33003,11,48779,Unreliable
"Cheshire County, NH",33005,12,76493,Unreliable
"Hillsborough County, NH",33011,33,415247,7.9
"Merrimack County, NH",33013,20,151132,13.2
"Rockingham County, NH",33015,27,309176,8.7
"Strafford County, NH",33017,17,130090,Unreliable
"Atlantic County, NJ",34001,22,265429,8.3
"Bergen County, NJ",34003,22,936692,2.3
"Burlington County, NJ",34005,20,445384,4.5
"Camden County, NJ",34007,40,507078,7.9
"Cumberland County, NJ",34011,16,150972,Unreliable
"Essex County, NJ",34013,87,799767,10.9
"Gloucester County, NJ",34015,16,291408,Unreliable
"Hudson County, NJ",34017,25,676061,3.7
"Mercer County, NJ",34021,21,369811,5.7
"Middlesex County, NJ",34023,26,829685,3.1
"Monmouth County, NJ",34025,19,621354,Unreliable
"Morris County, NJ",34027,10,494228,Unreliable
"Ocean County, NJ",34029,19,601651,Unreliable
"Passaic County, NJ",34031,15,503310,Unreliable
"Union County, NJ",34039,18,558067,Unreliable
"Bernalillo County, NM",35001,152,678701,22.4
"Chaves County, NM",35005,15,64689,Unreliable
"Curry County, NM",35009,10,49437,Unreliable
"Dona Ana County, NM",35013,30,217522,13.8
"Eddy County, NM",35015,14,57900,Unreliable
"Lea County, NM",35025,12,69611,Unreliable
"McKinley County, NM",35031,12,72290,Unreliable
"Otero County, NM",35035,19,66781,Unreliable
"Rio Arriba County, NM",35039,10,39006,Unreliable
"Sandoval County, NM",35043,24,145179,16.5
"San Juan County, NM",35045,24,125043,19.2
"Santa Fe County, NM",35049,20,150056,13.3
"Valencia County, NM",35061,11,76456,Unreliable
"Albany County, NY",36001,21,307117,6.8
"Bronx County, NY",36005,60,1432132,4.2
"Dutchess County, NY",36027,24,293718,8.2
"Erie County, NY",36029,75,919719,8.2
"Kings County, NY",36047,98,2582830,3.8
"Monroe County, NY",36055,44,742474,5.9
"Nassau County, NY",36059,30,1358343,2.2
"New York County, NY",36061,18,1628701,Unreliable
"Niagara County, NY",36063,15,210433,Unreliable
"Oneida County, NY",36065,17,229577,Unreliable
"Onondaga County, NY",36067,34,461809,7.4
"Ontario County, NY",36069,10,109864,Unreliable
"Orange County, NY",36071,22,381951,5.8
"Queens County, NY",36081,49,2278906,2.2
"Richmond County, NY",36085,12,476179,Unreliable
"Saratoga County, NY",36091,15,230163,Unreliable
"Steuben County, NY",36101,13,95796,Unreliable
"Suffolk County, NY",36103,48,1481093,3.2
"Ulster County, NY",36111,14,178599,Unreliable
"Westchester County, NY",36119,19,967612,Unreliable
"Alamance County, NC",37001,14,166436,Unreliable
"Beaufort County, NC",37013,11,47079,Unreliable
"Brunswick County, NC",37019,15,136744,Unreliable
"Buncombe County, NC",37021,42,259103,16.2
"Burke County, NC",37023,17,90382,Unreliable
"Cabarrus County, NC",37025,19,211342,Unreliable
"Caldwell County, NC",37027,14,82029,Unreliable
"Carteret County, NC",37031,18,69524,Unreliable
"Catawba County, NC",37035,20,158652,12.6
"Cleveland County, NC",37045,12,97645,Unreliable
"Craven County, NC",37049,16,102912,Unreliable
"Cumberland County, NC",37051,63,332330,19
"Davidson County, NC",37057,23,166614,13.8
"Durham County, NC",37063,41,316739,12.9
"Edgecombe County, NC",37065,17,52005,Unreliable
"Forsyth County, NC",37067,41,379099,10.8
"Gaston County, NC",37071,27,222846,12.1
"Guilford County, NC",37081,80,533670,15
"Halifax County, NC",37083,17,50574,Unreliable
"Harnett County, NC",37085,17,134214,Unreliable
"Haywood County, NC",37087,11,61971,Unreliable
"Henderson County, NC",37089,16,116748,Unreliable
"Iredell County, NC",37097,27,178435,15.1
"Johnston County, NC",37101,28,202675,13.8
"Lee County, NC",37105,14,61452,Unreliable
"Lincoln County, NC",37109,13,83770,Unreliable
"McDowell County, NC",37111,10,45507,Unreliable
"Mecklenburg County, NC",37119,112,1093901,10.2
"Moore County, NC",37125,17,98682,Unreliable
"Nash County, NC",37127,14,94016,Unreliable
"New Hanover County, NC",37129,25,232274,10.8
"Onslow County, NC",37133,36,197683,18.2
"Orange County, NC",37135,10,146027,Unreliable
"Pender County, NC",37141,13,62162,Unreliable
"Person County, NC",37145,11,39507,Unreliable
"Pitt County, NC",37147,21,179914,11.7
"Randolph County, NC",37151,30,143351,20.9
"Robeson County, NC",37155,35,131831,26.5
"Rockingham County, NC",37157,19,90690,Unreliable
"Rowan County, NC",37159,28,141262,19.8
"Rutherford County, NC",37161,13,66826,Unreliable
"Stanly County, NC",37167,10,62075,Unreliable
"Union County, NC",37179,17,235908,Unreliable
"Vance County, NC",37181,11,44582,Unreliable
"Wake County, NC",37183,63,1092305,5.8
"Wayne County, NC",37191,15,123248,Unreliable
"Wilkes County, NC",37193,14,68557,Unreliable
"Cass County, ND",38017,20,181516,11
"Grand Forks County, ND",38035,11,70770,Unreliable
"Ashtabula County, OH",39007,17,97493,Unreliable
"Belmont County, OH",39013,17,67505,Unreliable
"Butler County, OH",39017,44,382378,11.5
"Clark County, OH",39023,29,134585,21.5
"Clermont County, OH",39025,30,205466,14.6
"Columbiana County, OH",39029,13,102665,Unreliable
"Cuyahoga County, OH",39035,219,1243857,17.6
"Fairfield County, OH",39045,11,155782,Unreliable
"Franklin County, OH",39049,182,1310300,13.9
"Geauga County, OH",39055,10,94031,Unreliable
"Greene County, OH",39057,18,167995,Unreliable
"Hamilton County, OH",39061,120,816684,14.7
"Jefferson County, OH",39081,14,65767,Unreliable
"Lake County, OH",39085,22,230514,9.5
"Lawrence County, OH",39087,14,59866,Unreliable
"Licking County, OH",39089,17,175769,Unreliable
"Lorain County, OH",39093,34,309461,11
"Lucas County, OH",39095,58,429899,13.5
"Mahoning County, OH",39099,40,229642,17.4
"Medina County, OH",39103,13,179146,Unreliable
"Miami County, OH",39109,13,106222,Unreliable
"Montgomery County, OH",39113,98,532331,18.4
"Muskingum County, OH",39119,16,86183,Unreliable
"Portage County, OH",39133,14,162927,Unreliable
"Richland County, OH",39139,18,121099,Unreliable
"Scioto County, OH",39145,12,75502,Unreliable
"Stark County, OH",39151,52,371574,14
"Summit County, OH",39153,78,541918,14.4
"Trumbull County, OH",39155,29,198627,14.6
"Warren County, OH",39165,16,232173,Unreliable
"Wayne County, OH",39169,12,115967,Unreliable
"Wood County, OH",39173,12,130696,Unreliable
"Canadian County, OK",40017,14,144447,Unreliable
"Cherokee County, OK",40021,10,48675,Unreliable
"Cleveland County, OK",40027,31,281669,11
"Comanche County, OK",40031,19,120422,Unreliable
"Creek County, OK",40037,11,71604,Unreliable
"Kay County, OK",40071,14,44161,Unreliable
"Muskogee County, OK",40101,13,68362,Unreliable
"Oklahoma County, OK",40109,141,792582,17.8
"Okmulgee County, OK",40111,12,38335,Unreliable
"Pittsburg County, OK",40121,13,43877,Unreliable
"Pottawatomie County, OK",40125,13,72679,Unreliable
"Tulsa County, OK",40143,126,648360,19.4
"Wagoner County, OK",40145,13,80110,Unreliable
"Washington County, OK",40147,13,51843,Unreliable
"Benton County, OR",41003,12,92101,Unreliable
"Clackamas County, OR",41005,37,416075,8.9
"Columbia County, OR",41009,10,52377,Unreliable
"Coos County, OR",41011,17,64389,Unreliable
"Deschutes County, OR",41017,25,191996,13
"Douglas County, OR",41019,15,110283,Unreliable
"Jackson County, OR",41029,43,219564,19.6
"Josephine County, OR",41033,27,87393,30.9
"Lane County, OR",41039,43,379611,11.3
"Lincoln County, OR",41041,12,49388,Unreliable
"Linn County, OR",41043,15,127335,Unreliable
"Marion County, OR",41047,43,346868,12.4
"Multnomah County, OR",41051,66,811880,8.1
"Umatilla County, OR",41059,10,77516,Unreliable
"Washington County, OR",41067,46,597695,7.7
"Yamhill County, OR",41071,15,107002,Unreliable
"Adams County, PA",42001,12,102811,Unreliable
"Allegheny County, PA",42003,182,1218452,14.9
"Beaver County, PA",42007,22,164742,13.4
"Bedford County, PA",42009,11,48176,Unreliable
"Berks County, PA",42011,40,420152,9.5
"Blair County, PA",42013,12,122492,Unreliable
"Bradford County, PA",42015,10,60833,Unreliable
"Bucks County, PA",42017,46,628195,7.3
"Butler County, PA",42019,16,187888,Unreliable
"Cambria County, PA",42021,15,131730,Unreliable
"Carbon County, PA",42025,16,64227,Unreliable
"Chester County, PA",42029,40,522046,7.7
"Clearfield County, PA",42033,10,79388,Unreliable
"Crawford County, PA",42039,12,85063,Unreliable
"Cumberland County, PA",42041,27,251423,10.7
"Dauphin County, PA",42043,24,277097,8.7
"Delaware County, PA",42045,58,564751,10.3
"Erie County, PA",42049,31,272061,11.4
"Fayette County, PA",42051,25,130441,19.2
"Franklin County, PA",42055,11,154835,Unreliable
"Indiana County, PA",42063,12,84501,Unreliable
"Lackawanna County, PA",42069,27,210793,12.8
"Lancaster County, PA",42071,55,543557,10.1
"Lawrence County, PA",42073,13,86184,Unreliable
"Lebanon County, PA",42075,19,141314,Unreliable
"Lehigh County, PA",42077,36,368100,9.8
"Luzerne County, PA",42079,42,317646,13.2
"Lycoming County, PA",42081,13,113664,Unreliable
"Mercer County, PA",42085,13,110683,Unreliable
"Mifflin County, PA",42087,12,46222,Unreliable
"Monroe County, PA",42089,27,169507,15.9
"Montgomery County, PA",42091,47,828604,5.7
"Northampton County, PA",42095,36,304807,11.8
"Northumberland County, PA",42097,11,91083,Unreliable
"Perry County, PA",42099,10,46139,Unreliable
"Philadelphia County, PA",42101,350,1584138,22.1
"Schuylkill County, PA",42107,22,142067,15.5
"Susquehanna County, PA",42115,10,40589,Unreliable
"Washington County, PA",42125,29,207346,14
"Wayne County, PA",42127,16,51276,Unreliable
"Westmoreland County, PA",42129,38,350611,10.8
"York County, PA",42133,66,448273,14.7
"Kent County, RI",44003,11,163861,Unreliable
"Providence County, RI",44007,21,636084,3.3
"Aiken County, SC",45003,42,169401,24.8
"Anderson County, SC",45007,31,200482,15.5
"Beaufort County, SC",45013,26,188715,13.8
"Berkeley County, SC",45015,27,221091,12.2
"Charleston County, SC",45019,73,405905,18
"Cherokee County, SC",45021,14,57078,Unreliable
"Chesterfield County, SC",45025,13,45754,Unreliable
"Colleton County, SC",45029,18,37660,Unreliable
"Darlington County, SC",45031,14,66802,Unreliable
"Dorchester County, SC",45035,21,160647,13.1
"Florence County, SC",45041,33,138159,23.9
"Georgetown County, SC",45043,11,62249,Unreliable
"Greenville County, SC",45045,69,514213,13.4
"Greenwood County, SC",45047,13,70741,Unreliable
"Horry County, SC",45051,57,344147,16.6
"Lancaster County, SC",45057,18,95380,Unreliable
"Laurens County, SC",45059,14,66994,Unreliable
"Lexington County, SC",45063,53,295032,18
"Oconee County, SC",45073,14,78374,Unreliable
"Orangeburg County, SC",45075,18,86934,Unreliable
"Pickens County, SC",45077,15,124937,Unreliable
"Richland County, SC",45079,68,414576,16.4
"Spartanburg County, SC",45083,66,313888,21
"Sumter County, SC",45085,16,106512,Unreliable
"York County, SC",45091,36,274118,13.1
"Minnehaha County, SD",46099,20,192876,10.4
"Pennington County, SD",46103,21,111729,18.8
"Blount County, TN",47009,22,131349,16.7
"Bradley County, TN",47011,14,106727,Unreliable
"Campbell County, TN",47013,10,39583,Unreliable
"Carter County, TN",47019,12,56351,Unreliable
"Cumberland County, TN",47035,12,59673,Unreliable
"Davidson County, TN",47037,126,692587,18.2
"Greene County, TN",47059,10,69087,Unreliable
"Hamblen County, TN",47063,10,64569,Unreliable
"Hamilton County, TN",47065,52,364286,14.3
"Knox County, TN",47093,70,465289,15
"Lawrence County, TN",47099,12,43734,Unreliable
"McMinn County, TN",47107,11,53285,Unreliable
"Madison County, TN",47113,15,97605,Unreliable
"Maury County, TN",47119,20,94340,21.2
"Montgomery County, TN",47125,41,205950,19.9
"Putnam County, TN",47141,10,78843,Unreliable
"Roane County, TN",47145,13,53140,Unreliable
"Robertson County, TN",47147,10,71012,Unreliable
"Rutherford County, TN",47149,48,324890,14.8
"Sevier County, TN",47155,13,97892,Unreliable
"Shelby County, TN",47157,279,935764,29.8
"Sullivan County, TN",47163,20,157668,12.7
"Sumner County, TN",47165,31,187149,16.6
"Washington County, TN",47179,16,128607,Unreliable
"Williamson County, TN",47187,24,231729,10.4
"Wilson County, TN",47189,23,140625,16.4
"Angelina County, TX",48005,11,87092,Unreliable
"Bandera County, TX",48019,10,22824,Unreliable
"Bastrop County, TX",48021,11,86976,Unreliable
"Bell County, TX",48027,67,355642,18.8
"Bexar County, TX",48029,263,1986049,13.2
"Bowie County, TX",48037,14,94324,Unreliable
"Brazoria County, TX",48039,37,370200,10
"Brazos County, TX",48041,19,226758,Unreliable
"Burnet County, TX",48053,10,47542,Unreliable
"Cameron County, TX",48061,22,423908,5.2
"Chambers County, TX",48071,10,42454,Unreliable
"Cherokee County, TX",48073,10,52592,Unreliable
"Collin County, TX",48085,73,1005146,7.3
"Dallas County, TX",48113,347,2637772,13.2
"Denton County, TX",48121,59,859064,6.9
"Ector County, TX",48135,17,162124,Unreliable
"Ellis County, TX",48139,19,179436,Unreliable
"El Paso County, TX",48141,79,840758,9.4
"Fort Bend County, TX",48157,81,787858,10.3
"Galveston County, TX",48167,67,337890,19.8
"Grayson County, TX",48181,20,133991,14.9
"Gregg County, TX",48183,18,123707,Unreliable
"Guadalupe County, TX",48187,21,163694,12.8
"Hardin County, TX",48199,12,57207,Unreliable
"Harris County, TX",48201,585,4698619,12.5
"Harrison County, TX",48203,11,66726,Unreliable
"Hays County, TX",48209,26,222631,11.7
"Henderson County, TX",48213,19,82299,Unreliable
"Hidalgo County, TX",48215,31,865939,3.6
"Hood County, TX",48221,18,60537,Unreliable
"Hopkins County, TX",48223,16,36810,Unreliable
"Howard County, TX",48227,12,36459,Unreliable
"Hunt County, TX",48231,15,96493,Unreliable
"Jefferson County, TX",48245,45,255001,17.6
"Johnson County, TX",48251,26,171361,15.2
"Kaufman County, TX",48257,26,128622,20.2
"Kerr County, TX",48265,16,52405,Unreliable
"Liberty County, TX",48291,16,86323,Unreliable
"Lubbock County, TX",48303,43,307412,14
"McLennan County, TX",48309,27,254607,10.6
"Matagorda County, TX",48321,10,36552,Unreliable
"Midland County, TX",48329,35,172578,20.3
"Montgomery County, TX",48339,67,590925,11.3
"Nacogdoches County, TX",48347,16,65711,Unreliable
"Nueces County, TX",48355,57,362265,15.7
"Orange County, TX",48361,15,83572,Unreliable
"Parker County, TX",48367,18,138371,Unreliable
"Polk County, TX",48373,12,50031,Unreliable
"Potter County, TX",48375,21,119648,17.6
"Randall County, TX",48381,21,136271,15.4
"Rockwall County, TX",48397,12,100657,Unreliable
"San Patricio County, TX",48409,11,66893,Unreliable
"Smith County, TX",48423,42,230221,18.2
"Tarrant County, TX",48439,248,2084931,11.9
"Taylor County, TX",48441,22,137640,16
"Tom Green County, TX",48451,15,118189,Unreliable
"Travis County, TX",48453,94,1248743,7.5
"Victoria County, TX",48469,14,92035,Unreliable
"Webb County, TX",48479,20,275910,7.2
"Wichita County, TX",48485,18,132064,Unreliable
"Williamson County, TX",48491,55,566719,9.7
"Wise County, TX",48497,12,68305,Unreliable
"Box Elder County, UT",49003,10,54950,Unreliable
"Davis County, UT",49011,36,351713,10.2
"Salt Lake County, UT",49035,141,1152633,12.2
"Utah County, UT",49049,58,622213,9.3
"Washington County, UT",49053,18,171700,Unreliable
"Weber County, UT",49057,42,256359,16.4
"Chittenden County, VT",50007,13,164572,Unreliable
"Washington County, VT",50023,11,58140,Unreliable
"Albemarle County, VA",51003,10,108718,Unreliable
"Augusta County, VA",51015,14,75457,Unreliable
"Bedford County, VA",51019,14,78747,Unreliable
"Campbell County, VA",51031,10,54973,Unreliable
"Chesterfield County, VA",51041,38,348556,10.9
"Fairfax County, VA",51059,53,1150795,4.6
"Hanover County, VA",51085,15,107239,Unreliable
"Henrico County, VA",51087,36,329261,10.9
"Henry County, VA",51089,11,50953,Unreliable
"Loudoun County, VA",51107,25,406850,6.1
"Pittsylvania County, VA",51143,11,60949,Unreliable
"Prince William County, VA",51153,33,468011,7.1
"Roanoke County, VA",51161,20,94073,21.3
"Spotsylvania County, VA",51177,11,134238,Unreliable
"Stafford County, VA",51179,16,149960,Unreliable
"Tazewell County, VA",51185,11,40855,Unreliable
"Chesapeake city, VA",51550,29,242634,12
"Danville city, VA",51590,18,40693,Unreliable
"Hampton city, VA",51650,26,134313,19.4
"Lynchburg city, VA",51680,16,82126,Unreliable
"Newport News city, VA",51700,29,178626,16.2
"Norfolk city, VA",51710,45,244076,18.4
"Petersburg city, VA",51730,15,31567,Unreliable
"Portsmouth city, VA",51740,27,94632,28.5
"Richmond city, VA",51760,52,228783,22.7
"Roanoke city, VA",51770,22,99920,22
"Virginia Beach city, VA",51810,62,450189,13.8
"Benton County, WA",53005,15,201877,Unreliable
"Clallam County, WA",53009,22,76737,28.7
"Clark County, WA",53011,40,481857,8.3
"Cowlitz County, WA",53015,11,108987,Unreliable
"Franklin County, WA",53021,13,94347,Unreliable
"Grant County, WA",53025,13,97331,Unreliable
"Grays Harbor County, WA",53027,13,73901,Unreliable
"King County, WA",53033,176,2233163,7.9
"Kitsap County, WA",53035,26,269805,9.6
"Lewis County, WA",53041,12,79604,Unreliable
"Mason County, WA",53045,13,65507,Unreliable
"Pierce County, WA",53053,108,891299,12.1
"Skagit County, WA",53057,16,128206,Unreliable
"Snohomish County, WA",53061,70,814901,8.6
"Spokane County, WA",53063,65,514631,12.6
"Thurston County, WA",53067,30,286419,10.5
"Whatcom County, WA",53073,30,225685,13.3
"Yakima County, WA",53077,44,251446,17.5
"Berkeley County, WV",54003,19,117123,Unreliable
"Harrison County, WV",54033,14,67554,Unreliable
"Kanawha County, WV",54039,51,180454,28.3
"Marion County, WV",54049,12,56097,Unreliable
"Monongalia County, WV",54061,12,106420,Unreliable
"Raleigh County, WV",54081,20,74254,26.9
"Wood County, WV",54107,14,84203,Unreliable
"Calumet County, WI",55015,10,50159,Unreliable
"Dane County, WI",55025,46,542364,8.5
"Eau Claire County, WI",55035,11,104534,Unreliable
"Kenosha County, WI",55059,10,169290,Unreliable
"Marathon County, WI",55073,15,135428,Unreliable
"Milwaukee County, WI",55079,160,948201,16.9
"Outagamie County, WI",55087,24,187365,12.8
"Racine County, WI",55101,10,196584,Unreliable
"Rock County, WI",55105,16,163129,Unreliable
"Sheboygan County, WI",55117,10,115456,Unreliable
"Walworth County, WI",55127,14,103718,Unreliable
"Washington County, WI",55131,13,135693,Unreliable
"Waukesha County, WI",55133,29,403072,7.2
"Winnebago County, WI",55139,17,171020,Unreliable
"Laramie County, WY",56021,27,98976,27.3
"Natrona County, WY",56025,25,79115,31.6
"Sweetwater County, WY",56037,10,43051,Unreliable